,Neighborhood,Neighborhood Latitude,Neighborhood Longitude,Venue,Venue Latitude,Venue Longitude,Venue Category
0,Susa,45.4674835,9.2234299,La Ciribiciaccola,45.46953970518125,9.223774603822047,Dessert Shop
1,Susa,45.4674835,9.2234299,Locanda del Menarost,45.46518421833041,9.22147073759099,Italian Restaurant
2,Susa,45.4674835,9.2234299,Pizzeria Ciak,45.467877794959236,9.225039154518747,Pizza Place
3,Susa,45.4674835,9.2234299,Fujiyama,45.46919270355162,9.223766346110159,Sushi Restaurant
4,Susa,45.4674835,9.2234299,Ristorante Il Grissino,45.471247520686795,9.221943552153771,Italian Restaurant
5,Susa,45.4674835,9.2234299,Trattoria L'Albero Fiorito,45.468937661384835,9.226067551591004,Trattoria/Osteria
6,Susa,45.4674835,9.2234299,La Mongolfiera,45.469146,9.225187,Italian Restaurant
7,Susa,45.4674835,9.2234299,Hotel Susa Milan,45.46785829374992,9.226829623112295,Hotel
8,Susa,45.4674835,9.2234299,Pastis,45.464113,9.223089,Café
9,Susa,45.4674835,9.2234299,Tennis Club Lombardo,45.465449455151806,9.225360296415506,Tennis Court
10,Susa,45.4674835,9.2234299,Osteria Da Francesca,45.4679509,9.228315,Italian Restaurant
11,Susa,45.4674835,9.2234299,Ristorante Piero e Pia,45.47169,9.22154,Restaurant
12,Susa,45.4674835,9.2234299,Boom,45.46335865581949,9.22440241945305,Café
13,Susa,45.4674835,9.2234299,WOW Spazio Fumetto,45.46336866971719,9.224328016714013,Art Gallery
14,Susa,45.4674835,9.2234299,Viva Milano Hotel,45.47053800888156,9.222533309678793,Hotel
15,Susa,45.4674835,9.2234299,Blender,45.468799820705655,9.223662971579785,Cocktail Bar
16,Susa,45.4674835,9.2234299,Pasticceria Vecchia Milano,45.46660543297242,9.22644337122443,Cupcake Shop
17,Susa,45.4674835,9.2234299,Gelateria Pinocchio,45.46893347799623,9.22241183254289,Ice Cream Shop
18,Susa,45.4674835,9.2234299,Birreria Stella,45.468349747836214,9.226229407303121,Pub
19,Susa,45.4674835,9.2234299,Carrefour Express,45.469373142993895,9.224919689701995,Convenience Store
20,Susa,45.4674835,9.2234299,I Sapori Del Mare,45.46935583378671,9.218581455933409,Seafood Restaurant
21,Susa,45.4674835,9.2234299,Fermata ATM Piazza Ferravilla [5] [90] [91],45.47098996029219,9.22384103075342,Tram Station
22,Susa,45.4674835,9.2234299,Piazza Guardi,45.470091423203534,9.226635525131314,Park
23,Susa,45.4674835,9.2234299,Sushi Bar Ye,45.46575399646377,9.2239772586543,Japanese Restaurant
24,Susa,45.4674835,9.2234299,Piazzale Susa,45.46903030940225,9.223722956421854,Plaza
25,Susa,45.4674835,9.2234299,Mayorca Hotel,45.468957686868464,9.225873186409927,Hotel
26,Susa,45.4674835,9.2234299,Baialuna,45.468180266126275,9.222900242543744,Cocktail Bar
27,Susa,45.4674835,9.2234299,Ristorante Pizzeria La Verde Luna,45.4712513739687,9.223654973351572,Pizza Place
28,Susa,45.4674835,9.2234299,Gelateria Rossi,45.4715052876458,9.223729811901686,Ice Cream Shop
29,Susa,45.4674835,9.2234299,Carrefour Express,45.46573013984233,9.22929111109209,Convenience Store
30,Susa,45.4674835,9.2234299,Piazza Novelli,45.47086,9.2195835,Plaza
31,Sempione,45.47710410000001,9.1701771,Arco della Pace,45.47572835143987,9.172446727752686,Monument / Landmark
32,Sempione,45.47710410000001,9.1701771,Piazza Sempione,45.47615431654274,9.172181209779374,Plaza
33,Sempione,45.47710410000001,9.1701771,Starita,45.476821240172704,9.17018455552189,Pizza Place
34,Sempione,45.47710410000001,9.1701771,Bottega Ghiotta Gourmet,45.47699033385027,9.170725504296193,Mediterranean Restaurant
35,Sempione,45.47710410000001,9.1701771,Tara,45.47773,9.17274,Indian Restaurant
36,Sempione,45.47710410000001,9.1701771,Taiyo,45.477818451364804,9.172798821884685,Noodle House
37,Sempione,45.47710410000001,9.1701771,adidas Runbase,45.477510832031435,9.17006327199106,Gym
38,Sempione,45.47710410000001,9.1701771,Bomaki,45.477298624134384,9.170381090280541,Sushi Restaurant
39,Sempione,45.47710410000001,9.1701771,Ristorante Montecristo,45.47963785991583,9.167876337282072,Seafood Restaurant
40,Sempione,45.47710410000001,9.1701771,Poku,45.47765,9.170204,Hawaiian Restaurant
41,Sempione,45.47710410000001,9.1701771,Parco Milano,45.475849,9.171416,Italian Restaurant
42,Sempione,45.47710410000001,9.1701771,Maido!,45.47678255583494,9.172667941077506,Japanese Restaurant
43,Sempione,45.47710410000001,9.1701771,KATHAY,45.47978339924313,9.172875320978772,Grocery Store
44,Sempione,45.47710410000001,9.1701771,Duomo Gelatieri,45.47619184599284,9.17166878946205,Ice Cream Shop
45,Sempione,45.47710410000001,9.1701771,Copacabana,45.47767500749546,9.175530678409531,Sushi Restaurant
46,Sempione,45.47710410000001,9.1701771,Bhangrabar,45.4762608974721,9.17153727672409,Cocktail Bar
47,Sempione,45.47710410000001,9.1701771,Capuano's Pizzeria 7.0,45.480648,9.168581,Pizza Place
48,Sempione,45.47710410000001,9.1701771,la Posteria di Nonna Papera,45.476375907778205,9.170778665181643,Italian Restaurant
49,Sempione,45.47710410000001,9.1701771,Jazz Cafè,45.47719508849758,9.170515771776172,Italian Restaurant
50,Sempione,45.47710410000001,9.1701771,Aromando Bistrot,45.48024692478674,9.171288833107234,Italian Restaurant
51,Sempione,45.47710410000001,9.1701771,Duomo,45.476067,9.171657,Cocktail Bar
52,Sempione,45.47710410000001,9.1701771,La Taverna dei Golosi,45.47767129031573,9.169939105039472,Italian Restaurant
53,Sempione,45.47710410000001,9.1701771,Salad Me Cafè,45.47983366672143,9.168204149098198,Italian Restaurant
54,Sempione,45.47710410000001,9.1701771,MU Italian Finest Burger,45.48087567024671,9.1703930180009,Burger Joint
55,Sempione,45.47710410000001,9.1701771,Pandenus,45.47793488153433,9.17417479189716,Bakery
56,Sempione,45.47710410000001,9.1701771,La Buttiga,45.4808868992407,9.170281716780584,Beer Bar
57,Sempione,45.47710410000001,9.1701771,Living Liqueurs & Delights,45.47615728260045,9.17322864241223,Cocktail Bar
58,Sempione,45.47710410000001,9.1701771,Pampas Churrascaria,45.48123924700461,9.168537960182757,Brazilian Restaurant
59,Sempione,45.47710410000001,9.1701771,Cavalli Club Milano,45.47340272921152,9.173201305895475,Nightclub
60,Sempione,45.47710410000001,9.1701771,Corso Sempione 10,45.477646730094186,9.169700145721436,Cocktail Bar
61,Sempione,45.47710410000001,9.1701771,Mit café,45.476396583664936,9.17125463901642,Cocktail Bar
62,Sempione,45.47710410000001,9.1701771,Sergio & Efisio,45.47981618869097,9.167672963735505,Food Stand
63,Sempione,45.47710410000001,9.1701771,Bangrahbar,45.47634731602375,9.171434033382726,Gastropub
64,Sempione,45.47710410000001,9.1701771,Deseo,45.47661,9.1716,Cocktail Bar
65,Sempione,45.47710410000001,9.1701771,Mizu,45.47721674510019,9.170438827542329,Japanese Restaurant
66,Sempione,45.47710410000001,9.1701771,Haru Restaurant,45.48031558008913,9.165918523431957,Restaurant
67,Sempione,45.47710410000001,9.1701771,Vasavasa,45.480347369512394,9.171337891134664,Ice Cream Shop
68,Sempione,45.47710410000001,9.1701771,Recreo,45.48081716361219,9.172058598427022,Bistro
69,Sempione,45.47710410000001,9.1701771,Lancaster Hotel,45.475965325680285,9.166320407381283,Hotel
70,Sempione,45.47710410000001,9.1701771,Pizzeria Da Giuliano,45.48099,9.17098,Pizza Place
71,Sempione,45.47710410000001,9.1701771,Savana,45.47921059586191,9.17380507526474,African Restaurant
72,Sempione,45.47710410000001,9.1701771,L'Emporio Isola Outlet,45.47991715189456,9.16882101465147,Outlet Store
73,Sempione,45.47710410000001,9.1701771,Carrefour Market,45.48143942699618,9.169366055658545,Supermarket
74,Sempione,45.47710410000001,9.1701771,Romans Club,45.47955197917575,9.167652547991574,Gym
75,Sempione,45.47710410000001,9.1701771,Burger Wave,45.47644127990364,9.173516509818754,Burger Joint
76,Sempione,45.47710410000001,9.1701771,Welcome Sushi,45.47977,9.174961,Japanese Restaurant
77,Sempione,45.47710410000001,9.1701771,Ci Penso Io,45.48086416067853,9.170343286897102,Wine Shop
78,Sempione,45.47710410000001,9.1701771,Gelateria 54,45.48079805,9.170557,Ice Cream Shop
79,Sempione,45.47710410000001,9.1701771,Panino Giusto,45.47702,9.170527,Sandwich Place
80,Sempione,45.47710410000001,9.1701771,Pizzeria Da Mimmo,45.48051680341774,9.171609248579195,Pizza Place
81,Sempione,45.47710410000001,9.1701771,Nuvó,45.47735368306411,9.171077287883705,Pizza Place
82,Sempione,45.47710410000001,9.1701771,Pizza Ok,45.47616469022903,9.171841488159432,Pizza Place
83,Sempione,45.47710410000001,9.1701771,Torre Branca,45.473171538510826,9.172772295508674,Scenic Lookout
84,Sempione,45.47710410000001,9.1701771,Hållbar,45.481061383010655,9.170781641920506,Italian Restaurant
85,Sempione,45.47710410000001,9.1701771,la piadineria,45.48093664498839,9.17014700595827,Piadineria
86,Sempione,45.47710410000001,9.1701771,Ciripizza,45.48073856764114,9.170494079589844,Pizza Place
87,Sempione,45.47710410000001,9.1701771,Just Cavalli Cafè,45.47330509718145,9.173080847214102,Lounge
88,Sempione,45.47710410000001,9.1701771,Ostarie Vecjo Friul,45.47957600701045,9.17491303004502,Italian Restaurant
89,Sempione,45.47710410000001,9.1701771,Canonica 59,45.479582828128706,9.172871782240023,Bakery
90,Sempione,45.47710410000001,9.1701771,J-Fix Johnny,45.48062217966583,9.173879591703173,Electronics Store
91,Sempione,45.47710410000001,9.1701771,Ristorante da Giulia,45.48123160001824,9.16846798831076,Mediterranean Restaurant
92,Sempione,45.47710410000001,9.1701771,Fofò Mattozzi,45.480969730306285,9.172347167669873,Pizza Place
93,Sempione,45.47710410000001,9.1701771,Pasticceria Martesana,45.48088308166835,9.170335531723797,Dessert Shop
94,Sempione,45.47710410000001,9.1701771,Jin,45.479719908902666,9.173796176297703,Chinese Restaurant
95,Sempione,45.47710410000001,9.1701771,Freddogelato,45.47928981093506,9.172977394463592,Dessert Shop
96,Sempione,45.47710410000001,9.1701771,Fermata ATM Corso Sempione / Via Procaccini [1] [10] [43] [57],45.48049485680225,9.16597266420164,Tram Station
97,Sempione,45.47710410000001,9.1701771,Rosso Fuoco,45.4788707256294,9.174985796810146,Italian Restaurant
98,Sempione,45.47710410000001,9.1701771,White Sushi Restaurant,45.48050203966114,9.166543924838143,Japanese Restaurant
99,Sempione,45.47710410000001,9.1701771,Sushi Edo Fusion Restaurant,45.48057593764383,9.166518214937629,Japanese Restaurant
100,Sempione,45.47710410000001,9.1701771,Parco Massena,45.47659543848983,9.16427883478475,Park
101,Sempione,45.47710410000001,9.1701771,Farmacia Canonica,45.47791,9.17649,Pharmacy
102,Quadronno,45.45418170000001,9.191742699999999,Viva,45.45625017892647,9.195423303970793,Salad Place
103,Quadronno,45.45418170000001,9.191742699999999,Pizza Am,45.4555208930837,9.19678789241498,Pizza Place
104,Quadronno,45.45418170000001,9.191742699999999,La Strada,45.45138117793499,9.193972527910674,Pub
105,Quadronno,45.45418170000001,9.191742699999999,Osteria dell'Oca Giuliva,45.45103,9.19357,Restaurant
106,Quadronno,45.45418170000001,9.191742699999999,El Büscia,45.45183507440214,9.196518282925716,Wine Bar
107,Quadronno,45.45418170000001,9.191742699999999,Uptown Palace,45.4575815968095,9.191900044046642,Hotel
108,Quadronno,45.45418170000001,9.191742699999999,La Cieca,45.45040918642825,9.194144806741049,Wine Bar
109,Quadronno,45.45418170000001,9.191742699999999,Starbucks,45.458397,9.191825,Coffee Shop
110,Quadronno,45.45418170000001,9.191742699999999,Teatro Carcano,45.4566535570949,9.195828005321571,Theater
111,Quadronno,45.45418170000001,9.191742699999999,Panini Durini,45.450676597410386,9.19044619199055,Café
112,Quadronno,45.45418170000001,9.191742699999999,Piazza Sant'Eufemia,45.45736122309612,9.187693282279419,Plaza
113,Quadronno,45.45418170000001,9.191742699999999,Antica Pizzeria Fiorentina,45.4510792368883,9.195043034742387,Pizza Place
114,Quadronno,45.45418170000001,9.191742699999999,Hoppy Fish,45.45340694793152,9.196169324178028,Fish & Chips Shop
115,Quadronno,45.45418170000001,9.191742699999999,Amygdala Café,45.45090657589756,9.193041124513616,Café
116,Quadronno,45.45418170000001,9.191742699999999,Potafiori,45.45040127435108,9.194595400616125,Bistro
117,Quadronno,45.45418170000001,9.191742699999999,Petit Palais Hotel de Charme,45.456112177334255,9.187337457928036,Hotel
118,Quadronno,45.45418170000001,9.191742699999999,ReFosco Bar,45.456856137955796,9.192916811509011,Italian Restaurant
119,Quadronno,45.45418170000001,9.191742699999999,Ata kebap e pizza,45.45574836777944,9.196459713439792,Falafel Restaurant
120,Quadronno,45.45418170000001,9.191742699999999,Ammu Cannoli Espressi Siciliani,45.458338,9.19198,Pastry Shop
121,Quadronno,45.45418170000001,9.191742699999999,Al Mercato Ristorante & Burger Bar,45.45744854004075,9.18922289349642,Burger Joint
122,Quadronno,45.45418170000001,9.191742699999999,Vinodromo,45.45037999070907,9.19480618841564,Wine Bar
123,Quadronno,45.45418170000001,9.191742699999999,Hotel Canada,45.457322711253795,9.19110554170524,Hotel
124,Quadronno,45.45418170000001,9.191742699999999,Pravda Vodka Bar,45.45043873851406,9.194123753318799,Cocktail Bar
125,Quadronno,45.45418170000001,9.191742699999999,Roqus,45.451946780312475,9.187469664480632,Pizza Place
126,Quadronno,45.45418170000001,9.191742699999999,Calimero,45.4573053471416,9.19313783870144,Restaurant
127,Quadronno,45.45418170000001,9.191742699999999,Venti136,45.45168932769317,9.187481727832038,Lounge
128,Quadronno,45.45418170000001,9.191742699999999,Viva Lodovica,45.45188198547696,9.186328291095926,Salad Place
129,Quadronno,45.45418170000001,9.191742699999999,Panarello,45.45804696990469,9.19266389108585,Dessert Shop
130,Quadronno,45.45418170000001,9.191742699999999,SorryMama,45.45576433740172,9.19647669454063,Italian Restaurant
131,Quadronno,45.45418170000001,9.191742699999999,Rossi & Rossi,45.45788643857544,9.193065411654658,Bakery
132,Quadronno,45.45418170000001,9.191742699999999,Shalimar Take Away & Sweet House,45.45816535685074,9.192406591246888,Indian Restaurant
133,Moscova,45.477090600000004,9.1843416,Caffè Napoli,45.47795188574631,9.184552269758937,Café
134,Moscova,45.477090600000004,9.1843416,Ammu - Cannoli Siciliani,45.47701343365235,9.184390378330207,Pastry Shop
135,Moscova,45.477090600000004,9.1843416,Oggi,45.475662,9.183896,Ice Cream Shop
136,Moscova,45.477090600000004,9.1843416,Temakinho Brera,45.4746512477258,9.183356059190302,Sushi Restaurant
137,Moscova,45.477090600000004,9.1843416,NikeLab ST18 Milano,45.4775720123589,9.18480773634204,Clothing Store
138,Moscova,45.477090600000004,9.1843416,Sumire,45.47896174572013,9.184392712299044,Japanese Restaurant
139,Moscova,45.477090600000004,9.1843416,Osteria Brunello,45.4793098971077,9.185902395738916,Italian Restaurant
140,Moscova,45.477090600000004,9.1843416,Osaka,45.47625887587924,9.18462279141953,Japanese Restaurant
141,Moscova,45.477090600000004,9.1843416,Garibaldi Crème,45.47435450523154,9.183465959332874,Ice Cream Shop
142,Moscova,45.477090600000004,9.1843416,La Prosciutteria,45.474152249384275,9.183449149009013,Sandwich Place
143,Moscova,45.477090600000004,9.1843416,Pescetto,45.47953811753413,9.183619539960441,Seafood Restaurant
144,Moscova,45.477090600000004,9.1843416,Chinese Box,45.47845739800844,9.185284048395351,Cocktail Bar
145,Moscova,45.477090600000004,9.1843416,Osteria La Vecchia Lira,45.47841460245053,9.184445974476223,Italian Restaurant
146,Moscova,45.477090600000004,9.1843416,Mimmo Osteria del Corso,45.47554306626233,9.183699547692797,Italian Restaurant
147,Moscova,45.477090600000004,9.1843416,Space 23,45.478627919215945,9.18543397617659,Clothing Store
148,Moscova,45.477090600000004,9.1843416,Drogheria Milanese,45.477476841759376,9.188720846262216,Restaurant
149,Moscova,45.477090600000004,9.1843416,Zio Provolone,45.47853951644084,9.181489873371273,Pizza Place
150,Moscova,45.477090600000004,9.1843416,Volta Street,45.478533893671695,9.18441002000123,Italian Restaurant
151,Moscova,45.477090600000004,9.1843416,La Briciola,45.4782279580726,9.188025625510244,Mediterranean Restaurant
152,Moscova,45.477090600000004,9.1843416,Panarello,45.47761849500774,9.184641425310566,Bakery
153,Moscova,45.477090600000004,9.1843416,Radetzky Cafè,45.4784197053864,9.185015559196472,Café
154,Moscova,45.477090600000004,9.1843416,Moscatelli,45.47710115847755,9.184381931688602,Wine Bar
155,Moscova,45.477090600000004,9.1843416,Giolina e Angelo,45.4757655843635,9.187295477875217,Jewelry Store
156,Moscova,45.477090600000004,9.1843416,Alastor Milano Fumetto,45.47989,9.18307,Comic Shop
157,Moscova,45.477090600000004,9.1843416,Dimore Studio,45.47476951515127,9.186954416761603,Art Gallery
158,Moscova,45.477090600000004,9.1843416,Porta Garibaldi,45.48049756461909,9.186852605140833,Historic Site
159,Moscova,45.477090600000004,9.1843416,Souvenir d'Italie,45.47756542399778,9.185722745903085,Ice Cream Shop
160,Moscova,45.477090600000004,9.1843416,Hotel Carlyle Brera,45.47712355475127,9.18446635906889,Hotel
161,Moscova,45.477090600000004,9.1843416,Ristorante Solferino,45.478260277204136,9.188297994768615,Italian Restaurant
162,Moscova,45.477090600000004,9.1843416,Hops Beer Shop Milano,45.475240204410554,9.189126304180402,Beer Store
163,Moscova,45.477090600000004,9.1843416,California Bakery,45.47663155278858,9.184166414369662,Bakery
164,Moscova,45.477090600000004,9.1843416,Tasta Gelato,45.47858142439814,9.185354036865474,Ice Cream Shop
165,Moscova,45.477090600000004,9.1843416,Davai Milano,45.478183804323706,9.184826854338757,Cocktail Bar
166,Moscova,45.477090600000004,9.1843416,Rangoli,45.47762959986485,9.188018430023423,Indian Restaurant
167,Moscova,45.477090600000004,9.1843416,Enoteca Cotti,45.478386869213594,9.188224577700701,Wine Shop
168,Moscova,45.477090600000004,9.1843416,Primè,45.48080999737297,9.185672289013986,Restaurant
169,Moscova,45.477090600000004,9.1843416,Il Cannolo,45.473856,9.183541,Dessert Shop
170,Moscova,45.477090600000004,9.1843416,"Restaurant SmokeONE Lounge Bar + Hookah, Кальян, Shisha, Narghile",45.48097928753316,9.185444712638855,Italian Restaurant
171,Moscova,45.477090600000004,9.1843416,Blenderino Burger Bar,45.48076408400361,9.187217130428749,Cocktail Bar
172,Moscova,45.477090600000004,9.1843416,Osteria Dei Poeti,45.47468324427688,9.18339715320146,Italian Restaurant
173,Moscova,45.477090600000004,9.1843416,Restaurant Shanji,45.48051562008098,9.182985895664093,Chinese Restaurant
174,Moscova,45.477090600000004,9.1843416,Anteo Palazzo del Cinema,45.47972708428351,9.187775719475049,Multiplex
175,Moscova,45.477090600000004,9.1843416,Volemose Bene,45.47679744095732,9.189469148226708,Restaurant
176,Moscova,45.477090600000004,9.1843416,Tramé - Original Venetian Sandwiches,45.473663942707034,9.183771550876129,Sandwich Place
177,Moscova,45.477090600000004,9.1843416,El Carnicero,45.47892112165976,9.185683711460968,Argentinian Restaurant
178,Moscova,45.477090600000004,9.1843416,Sugarwax,45.47375969033224,9.18165412383597,Spa
179,Moscova,45.477090600000004,9.1843416,Ristorante Yazawa,45.475806,9.189566,Shabu-Shabu Restaurant
180,Moscova,45.477090600000004,9.1843416,Fondazione Feltrinelli,45.48117637604124,9.184720516204834,Bookstore
181,Moscova,45.477090600000004,9.1843416,Bab,45.47783164502877,9.188781073000609,Asian Restaurant
182,Moscova,45.477090600000004,9.1843416,Panino Giusto,45.47978184571658,9.186328199897554,Sandwich Place
183,Moscova,45.477090600000004,9.1843416,Antica Osteria Stendhal,45.473977893737484,9.187678472926805,Italian Restaurant
184,Moscova,45.477090600000004,9.1843416,Princi,45.47775487204432,9.184819757938385,Bakery
185,Moscova,45.477090600000004,9.1843416,Hotel Ritter,45.476201657985165,9.184348217937867,Hotel
186,Moscova,45.477090600000004,9.1843416,Eataly Smeraldo,45.480598323311426,9.187826717221975,Gourmet Shop
187,Moscova,45.477090600000004,9.1843416,Moleskine Cafè,45.47472659254045,9.183390538658397,Coffee Shop
188,Moscova,45.477090600000004,9.1843416,Dry - Cocktails & Pizza,45.47905220783694,9.188547006772126,Pizza Place
189,Moscova,45.477090600000004,9.1843416,Fishbar,45.47527,9.18888,Seafood Restaurant
190,Moscova,45.477090600000004,9.1843416,N'Ombra de Vin,45.47345211496974,9.187872896759695,Wine Bar
191,Moscova,45.477090600000004,9.1843416,primè Ristorante,45.48095233377682,9.185479017626289,Italian Restaurant
192,Moscova,45.477090600000004,9.1843416,Piazza XXV Aprile,45.48046935971974,9.186787680053119,Plaza
193,Moscova,45.477090600000004,9.1843416,Vecchia Arena,45.47778283737663,9.179944794730332,Wine Bar
194,Moscova,45.477090600000004,9.1843416,TIBI - Bistrot Provencal,45.47568,9.189468,Diner
195,Moscova,45.477090600000004,9.1843416,Pisacco,45.47890656423788,9.188574955520318,Italian Restaurant
196,Moscova,45.477090600000004,9.1843416,Burger Wave,45.476747116068694,9.188426190382437,Burger Joint
197,Moscova,45.477090600000004,9.1843416,Slow Sud,45.47416,9.183644,Lombard Restaurant
198,Moscova,45.477090600000004,9.1843416,Cafezal Specialty Coffee,45.478554,9.188435,Coffee Shop
199,Moscova,45.477090600000004,9.1843416,Tamandi Bakery,45.474053,9.183726,Pizza Place
200,Moscova,45.477090600000004,9.1843416,Princi,45.48096600027171,9.186267526850553,Bakery
201,Moscova,45.477090600000004,9.1843416,Le Rosse,45.47591350214049,9.183876128116058,Food
202,Moscova,45.477090600000004,9.1843416,Macha Café,45.48106010896207,9.183219021320758,Japanese Restaurant
203,Moscova,45.477090600000004,9.1843416,Hi Tech,45.48086977007946,9.18752288158601,Gift Shop
204,Moscova,45.477090600000004,9.1843416,Playmore,45.477239798464275,9.190623579978846,Athletics & Sports
205,Moscova,45.477090600000004,9.1843416,L'eclair de genie,45.47433,9.1834,Pastry Shop
206,Moscova,45.477090600000004,9.1843416,Guido Gobino,45.473601343600855,9.18367931456621,Dessert Shop
207,Moscova,45.477090600000004,9.1843416,Gam,45.48148058062717,9.18466690352025,Korean Restaurant
208,Moscova,45.477090600000004,9.1843416,Tigella's,45.47431693903997,9.18284075103268,Italian Restaurant
209,Moscova,45.477090600000004,9.1843416,Procacci,45.47592802325609,9.184040147995054,Diner
210,Moscova,45.477090600000004,9.1843416,Largo Claudio Treves,45.4752388890966,9.186873398152182,Plaza
211,Moscova,45.477090600000004,9.1843416,Ottica Artioli,45.48097,9.18736,Optical Shop
212,Moscova,45.477090600000004,9.1843416,"Arena Civica ""Gianni Brera""",45.475781013686465,9.179227352142332,Stadium
213,Moscova,45.477090600000004,9.1843416,Serendib,45.47992103341615,9.182886050949902,Sri Lankan Restaurant
214,Moscova,45.477090600000004,9.1843416,Fioraio Bianchi Caffè,45.47529423439374,9.189395225326933,French Restaurant
215,Moscova,45.477090600000004,9.1843416,Melabevo,45.479939977977786,9.183300356610951,Wine Bar
216,Moscova,45.477090600000004,9.1843416,Nuova Arena,45.477942995923485,9.180215439394253,Italian Restaurant
217,Moscova,45.477090600000004,9.1843416,Ristorante da Cecco,45.47747913939916,9.188043362612447,Italian Restaurant
218,Moscova,45.477090600000004,9.1843416,Zazà Ramen,45.479046566395574,9.188560905992325,Ramen Restaurant
219,Moscova,45.477090600000004,9.1843416,Trattoria Del Corso,45.47261947676569,9.183864689778568,Italian Restaurant
220,Moscova,45.477090600000004,9.1843416,I Salentini,45.478696999607465,9.18849102767789,Italian Restaurant
221,Moscova,45.477090600000004,9.1843416,Tibi,45.47565120809577,9.189548964937183,Italian Restaurant
222,Moscova,45.477090600000004,9.1843416,Bebel's,45.47815155860388,9.189267226553051,Italian Restaurant
223,Moscova,45.477090600000004,9.1843416,Santu Paulu,45.473213,9.184227,Café
224,Moscova,45.477090600000004,9.1843416,Gelateria Solferino,45.47465252648572,9.186998240062012,Ice Cream Shop
225,Moscova,45.477090600000004,9.1843416,Feltrinelli Retail Café,45.481532143336835,9.184334056478495,Café
226,Moscova,45.477090600000004,9.1843416,Il Rigolo,45.475271092079836,9.186781583419414,Italian Restaurant
227,Moscova,45.477090600000004,9.1843416,Gente di Mare,45.48048111299986,9.182359773161291,Seafood Restaurant
228,Moscova,45.477090600000004,9.1843416,Locanda Perbellini,45.476667,9.189743,Restaurant
229,Moscova,45.477090600000004,9.1843416,Vasinikò,45.48039827404075,9.186726316288597,Pizza Place
230,Moscova,45.477090600000004,9.1843416,Mediateca Santa Teresa,45.47689148614328,9.189951483431884,College Auditorium
231,Moscova,45.477090600000004,9.1843416,Zushi,45.48067216229966,9.18249268189537,Sushi Restaurant
232,Moscova,45.477090600000004,9.1843416,La Gastronomia Di Alice Per Eataly,45.480503,9.187981,Gourmet Shop
233,Palestro,45.47100579999999,9.2014773,Giardini di Villa Reale,45.47212719875043,9.199720614050616,Park
234,Palestro,45.47100579999999,9.2014773,GAM Galleria d'Arte Moderna di Milano,45.472682743583775,9.19992306750278,Art Gallery
235,Palestro,45.47100579999999,9.2014773,Palazzo Serbelloni,45.46920490023845,9.199710280699957,Monument / Landmark
236,Palestro,45.47100579999999,9.2014773,Villa Necchi Campiglio,45.46818078439628,9.201570364505626,Museum
237,Palestro,45.47100579999999,9.2014773,LùBar,45.47274971258253,9.200094620279577,Café
238,Palestro,45.47100579999999,9.2014773,Villa Invernizzi,45.47030025399382,9.202218818211376,Building
239,Palestro,45.47100579999999,9.2014773,Princi,45.468876534217785,9.199125369977203,Bakery
240,Palestro,45.47100579999999,9.2014773,Dolce&Gabbana,45.46876696094391,9.198625683489125,Accessories Store
241,Palestro,45.47100579999999,9.2014773,Moschino,45.46974370175402,9.197962505179817,Men's Store
242,Palestro,45.47100579999999,9.2014773,Dolce&Gabbana,45.46833831015153,9.198585716466914,Boutique
243,Palestro,45.47100579999999,9.2014773,GustaMi,45.47053996845029,9.201041073788183,Bakery
244,Palestro,45.47100579999999,9.2014773,Giardini Indro Montanelli,45.47439455932538,9.201074331124603,Park
245,Palestro,45.47100579999999,9.2014773,PAC - Padiglione d'Arte Contemporanea,45.47296678625038,9.1991481003047,Art Gallery
246,Palestro,45.47100579999999,9.2014773,Dolce & Gabbana Martini Bar,45.4682955446051,9.19841164522409,Cocktail Bar
247,Palestro,45.47100579999999,9.2014773,Via Della Spiga,45.469507086421004,9.19724655996214,Pedestrian Plaza
248,Palestro,45.47100579999999,9.2014773,Piazzetta di Via della Spiga,45.469804625000556,9.197315922365988,Plaza
249,Palestro,45.47100579999999,9.2014773,Longchamp,45.468955170815235,9.198377496795729,Accessories Store
250,Palestro,45.47100579999999,9.2014773,CHANEL Boutique,45.469041,9.1970641,Boutique
251,Palestro,45.47100579999999,9.2014773,Parco Giochi Giardini di P.ta Venezia,45.47375291735528,9.202342291968586,Playground
252,Palestro,45.47100579999999,9.2014773,Tiffany & Co.,45.470168,9.1967995,Jewelry Store
253,Palestro,45.47100579999999,9.2014773,Dolce&Gabbana,45.470317941831674,9.196801936510077,Women's Store
254,Palestro,45.47100579999999,9.2014773,Hotel Senato,45.471382437175016,9.1963585826108,Hotel
255,Palestro,45.47100579999999,9.2014773,Yves Saint Laurent,45.46952366529454,9.197578820896181,Boutique
256,Palestro,45.47100579999999,9.2014773,Piazza Eleonora Duse,45.47130302476848,9.204364856955875,Plaza
257,Palestro,45.47100579999999,9.2014773,"Civico Planetario ""Ulrico Hoepli""",45.47358230232733,9.203953801819152,Planetarium
258,Palestro,45.47100579999999,9.2014773,Gio Moretti,45.46888951303971,9.198397132175225,Women's Store
259,Palestro,45.47100579999999,9.2014773,Porta Venezia,45.47431,9.204898,Monument / Landmark
260,Palestro,45.47100579999999,9.2014773,COS,45.46759544022704,9.198209450723574,Clothing Store
261,Palestro,45.47100579999999,9.2014773,Dolce&Gabbana,45.467775740553435,9.198094344162948,Boutique
262,Palestro,45.47100579999999,9.2014773,VERSACE,45.46980548390259,9.196165974390546,Boutique
263,Palestro,45.47100579999999,9.2014773,Hotel Manzoni,45.47029,9.19527,Hotel
264,Palestro,45.47100579999999,9.2014773,Nottingham Forest,45.46876994187757,9.206968238475806,Cocktail Bar
265,Palestro,45.47100579999999,9.2014773,Paper Moon Giardino,45.46776782036695,9.19703458407392,Restaurant
266,Palestro,45.47100579999999,9.2014773,Nozomi,45.46929712140209,9.206934158413812,Ramen Restaurant
267,Palestro,45.47100579999999,9.2014773,Suitsupply,45.46685613814497,9.19940126014664,Men's Store
268,Palestro,45.47100579999999,9.2014773,Maison Margiela,45.47150775563364,9.195662406079691,Boutique
269,Palestro,45.47100579999999,9.2014773,Virgin Active,45.47222243976049,9.196479320526123,Gym
270,Palestro,45.47100579999999,9.2014773,Swiss Corner,45.47265,9.196234,Café
271,Palestro,45.47100579999999,9.2014773,La Terrazza,45.472893108717905,9.196560777611955,Cocktail Bar
272,Palestro,45.47100579999999,9.2014773,La Terrazza di Via Palestro,45.47283466466704,9.196665983986499,Cocktail Bar
273,Cenisio,45.4875646,9.1722651,GetFIT,45.488055833618105,9.170601610786441,Gym / Fitness Center
274,Cenisio,45.4875646,9.1722651,Thai Square Milano,45.48751875980049,9.171082203783815,Thai Restaurant
275,Cenisio,45.4875646,9.1722651,Primo Gusto,45.48746501359154,9.169540771114189,Pizza Place
276,Cenisio,45.4875646,9.1722651,Fabbrica del Vapore,45.48500834548292,9.174743871436306,Event Space
277,Cenisio,45.4875646,9.1722651,A' Riccione Bistrot,45.48377035385492,9.170836063823685,Seafood Restaurant
278,Cenisio,45.4875646,9.1722651,Ristorante Quadrifoglio,45.48364502135868,9.172590228028202,Italian Restaurant
279,Cenisio,45.4875646,9.1722651,Pizzium,45.48361880167826,9.170447298135162,Pizza Place
280,Cenisio,45.4875646,9.1722651,Pizzeria Spontini,45.48749717912243,9.166643753149256,Pizza Place
281,Cenisio,45.4875646,9.1722651,Mulligans,45.48948280999823,9.16760802268982,Pub
282,Cenisio,45.4875646,9.1722651,Lemon Sushi Fusion Restaurant,45.48741,9.167056,Sushi Restaurant
283,Cenisio,45.4875646,9.1722651,Lia Rumma,45.4903884482922,9.167868953093963,Art Gallery
284,Cenisio,45.4875646,9.1722651,Meininger Hotel,45.49060637648566,9.171317813203187,Hotel
285,Cenisio,45.4875646,9.1722651,Bar Capriccio,45.48909362590568,9.167954983306425,Café
286,Cenisio,45.4875646,9.1722651,Americ Pizzeria,45.48977794710202,9.167033480373751,Pizza Place
287,Cenisio,45.4875646,9.1722651,Residenza Cenisio,45.490492873939196,9.17237580623616,Hotel
288,Cenisio,45.4875646,9.1722651,QB,45.48812216656421,9.170423073102896,Food & Drink Shop
289,Cenisio,45.4875646,9.1722651,Residenza Calvino,45.49048668263617,9.172294635186361,Hotel
290,Cenisio,45.4875646,9.1722651,New Moon Resort,45.49096418717995,9.170960679819204,Hotel
291,Cenisio,45.4875646,9.1722651,Arcipicchia Pub,45.489264295986295,9.167766526056386,Restaurant
292,Cenisio,45.4875646,9.1722651,Il Dolce & il Salato,45.49024922824303,9.167890672837842,Bakery
293,Isola,45.4875652,9.188972099999999,Le Botteghe di Leonardo,45.48713487708993,9.188764678643796,Ice Cream Shop
294,Isola,45.4875652,9.188972099999999,Inusc',45.48656974949621,9.191153082737667,Italian Restaurant
295,Isola,45.4875652,9.188972099999999,Berberè,45.48751299368278,9.191141573651684,Pizza Place
296,Isola,45.4875652,9.188972099999999,BeerShow,45.48904982008425,9.189068061008529,Pub
297,Isola,45.4875652,9.188972099999999,Momo,45.487785,9.188689,Café
298,Isola,45.4875652,9.188972099999999,Artico Gelateria Tradizionale,45.48917854903405,9.186669204848661,Ice Cream Shop
299,Isola,45.4875652,9.188972099999999,Blue Note,45.48936364723751,9.18872472805345,Jazz Club
300,Isola,45.4875652,9.188972099999999,Casa Ramen,45.48904729160242,9.188491717079179,Ramen Restaurant
301,Isola,45.4875652,9.188972099999999,Il Bottegone,45.48805305409102,9.188442225068963,Butcher
302,Isola,45.4875652,9.188972099999999,Assaje,45.49006,9.18895,Pizza Place
303,Isola,45.4875652,9.188972099999999,Bob Milano,45.48924332725515,9.189075514823246,Cocktail Bar
304,Isola,45.4875652,9.188972099999999,Frida,45.488717878394596,9.187128720465093,Cocktail Bar
305,Isola,45.4875652,9.188972099999999,Vinyl,45.487857589299146,9.187333926415263,Cocktail Bar
306,Isola,45.4875652,9.188972099999999,Café Gorille,45.485672091139705,9.191514310468863,Bistro
307,Isola,45.4875652,9.188972099999999,Wasabi,45.48966610902393,9.187737262842594,Pub
308,Isola,45.4875652,9.188972099999999,The Botanical Club,45.486516486307806,9.186856488627768,Bistro
309,Isola,45.4875652,9.188972099999999,La Coccinella,45.48792492698518,9.189161419073425,Pizza Place
310,Isola,45.4875652,9.188972099999999,Trattoria Il Marinaio,45.48599910170727,9.187029127302853,Puglia Restaurant
311,Isola,45.4875652,9.188972099999999,Taj Mahal,45.48909222006941,9.188088850113338,Indian Restaurant
312,Isola,45.4875652,9.188972099999999,Gelateria Dell'Isola,45.488700294135924,9.191044242159077,Ice Cream Shop
313,Isola,45.4875652,9.188972099999999,Sulle Nuvole,45.48868798556585,9.190147130842956,Bistro
314,Isola,45.4875652,9.188972099999999,Spazio Bk,45.48927339424811,9.187095390433036,Bookstore
315,Isola,45.4875652,9.188972099999999,Miscusi,45.487497237731276,9.189243844142654,Italian Restaurant
316,Isola,45.4875652,9.188972099999999,Maido Isola,45.48736090487488,9.18850593626765,Japanese Restaurant
317,Isola,45.4875652,9.188972099999999,Piazzale Segrino,45.49039284471317,9.189765221229575,Plaza
318,Isola,45.4875652,9.188972099999999,Da Tomaso,45.485651436764556,9.191224419187884,Italian Restaurant
319,Isola,45.4875652,9.188972099999999,Il Pesciolone,45.48850292260719,9.188968320958475,Seafood Restaurant
320,Isola,45.4875652,9.188972099999999,Les Pommes Italian Bistrot,45.486481741135066,9.18740904047127,Bar
321,Isola,45.4875652,9.188972099999999,Ratanà,45.48583,9.19284,Italian Restaurant
322,Isola,45.4875652,9.188972099999999,Deus Café,45.49097291620747,9.188650303637116,Café
323,Isola,45.4875652,9.188972099999999,Piazza Gae Aulenti,45.48371322128777,9.189663867627216,Plaza
324,Isola,45.4875652,9.188972099999999,Osteria dei Vecchi Sapori,45.486403069371235,9.18655808689802,Italian Restaurant
325,Isola,45.4875652,9.188972099999999,O' Artoteca,45.487014726314484,9.186573535116446,Performing Arts Venue
326,Isola,45.4875652,9.188972099999999,Type,45.489716111895,9.189184475347203,Café
327,Isola,45.4875652,9.188972099999999,Via Pietro Borsieri,45.48843344991539,9.188286450096328,Outdoors & Recreation
328,Isola,45.4875652,9.188972099999999,Stelvio,45.48769047615515,9.191503298478304,Lombard Restaurant
329,Isola,45.4875652,9.188972099999999,Osteria Dal Verme,45.4874129884758,9.188481875057926,Italian Restaurant
330,Isola,45.4875652,9.188972099999999,The Stage Milano,45.483609412063736,9.18904496433914,Restaurant
331,Isola,45.4875652,9.188972099999999,Stravagario Bistrot,45.48829670206596,9.189692350849663,Italian Restaurant
332,Isola,45.4875652,9.188972099999999,Anche Ristorante,45.486615118843496,9.186729300556634,Italian Restaurant
333,Isola,45.4875652,9.188972099999999,Casa Ramen Super,45.48972600493238,9.187352272763224,Ramen Restaurant
334,Isola,45.4875652,9.188972099999999,bonadonna kitchen,45.48809061133276,9.18946841738422,Burger Joint
335,Isola,45.4875652,9.188972099999999,KD House,45.49089628183036,9.188995859594325,Burger Joint
336,Isola,45.4875652,9.188972099999999,Bottega Siciliana Dell'Isola,45.48831519663111,9.191798237781677,Italian Restaurant
337,Isola,45.4875652,9.188972099999999,Anche Bar,45.486614828073456,9.186826264213632,Café
338,Isola,45.4875652,9.188972099999999,Anche Forno,45.48668108911371,9.186922484994202,Bakery
339,Isola,45.4875652,9.188972099999999,Esselunga,45.48362148274474,9.189384715363643,Supermarket
340,Isola,45.4875652,9.188972099999999,La piazza di Porta Nuova,45.48375558129625,9.188155261853646,Plaza
341,Isola,45.4875652,9.188972099999999,Illy Caffè,45.48322855415358,9.19025793937169,Coffee Shop
342,Isola,45.4875652,9.188972099999999,Porta Nuova Food District,45.48367717354016,9.189085117522575,Food Court
343,Isola,45.4875652,9.188972099999999,Gen Kai,45.489397810745196,9.185885024104977,Japanese Restaurant
344,Isola,45.4875652,9.188972099999999,Biblioteca degli Alberi,45.484417,9.192857,Park
345,Isola,45.4875652,9.188972099999999,La Feltrinelli RED,45.48369859139649,9.189936292607136,Bookstore
346,Isola,45.4875652,9.188972099999999,Tre Chicchere,45.49171,9.18676,Café
347,Isola,45.4875652,9.188972099999999,Ristoro Agricolo,45.48545455932617,9.189571380615234,Italian Restaurant
348,Isola,45.4875652,9.188972099999999,Deus Ex Machina,45.490990407106565,9.188635417674726,Motorcycle Shop
349,Isola,45.4875652,9.188972099999999,Boffi,45.48647,9.19397,Furniture / Home Store
350,Isola,45.4875652,9.188972099999999,Venchi,45.48372661042644,9.188968726079407,Chocolate Shop
351,Isola,45.4875652,9.188972099999999,Trattoria Il Marinaio,45.49136423328036,9.187824263371262,Seafood Restaurant
352,Isola,45.4875652,9.188972099999999,Octavius Bar,45.483619172966364,9.18898165878145,Cocktail Bar
353,Isola,45.4875652,9.188972099999999,Alice Pizza,45.48389793438825,9.188904762268066,Pizza Place
354,Isola,45.4875652,9.188972099999999,Musubi,45.48371514351195,9.189018077461084,Japanese Restaurant
355,Isola,45.4875652,9.188972099999999,Capra e Cavoli,45.486789326940105,9.185502328776346,Vegetarian / Vegan Restaurant
356,Isola,45.4875652,9.188972099999999,That's Vapore,45.48368312203652,9.188980942726939,Salad Place
357,Isola,45.4875652,9.188972099999999,Little Italy,45.486161832341615,9.188528305604862,Pizza Place
358,Isola,45.4875652,9.188972099999999,Bio.it,45.48619146019856,9.189957668163162,Italian Restaurant
359,Isola,45.4875652,9.188972099999999,Fondazione Riccardo Catella,45.485247912785404,9.193007748384106,Event Space
360,Isola,45.4875652,9.188972099999999,Nike Store,45.4831217,9.1897617,Sporting Goods Shop
361,Isola,45.4875652,9.188972099999999,Mamma Farina,45.48858681054732,9.194660194973869,Italian Restaurant
362,Isola,45.4875652,9.188972099999999,New Balance Store,45.4839254654912,9.18920602792241,Sporting Goods Shop
363,Isola,45.4875652,9.188972099999999,SEPHORA,45.483121649171075,9.189655780792236,Cosmetics Shop
364,Isola,45.4875652,9.188972099999999,Sottopasso Stazione Milano Porta Garibaldi,45.485357274021695,9.186073219104284,Trail
365,Isola,45.4875652,9.188972099999999,Bar Nilo,45.488734080941704,9.19425079787826,Coffee Shop
366,Isola,45.4875652,9.188972099999999,Ca' Pelletti,45.483685499082085,9.189060281128778,Emilia Restaurant
367,Isola,45.4875652,9.188972099999999,Sapori,45.487345325963865,9.195370711456183,Diner
368,Isola,45.4875652,9.188972099999999,Poke House,45.485748,9.192066,Hawaiian Restaurant
369,Isola,45.4875652,9.188972099999999,Iliad,45.486652,9.194464,Mobile Phone Shop
370,Isola,45.4875652,9.188972099999999,Suomy,45.48766791929686,9.195186030730643,Bistro
371,Indipendenza,45.468429,9.213322999999999,Gelateria Giova,45.46787706968652,9.215160420484844,Ice Cream Shop
372,Indipendenza,45.468429,9.213322999999999,Gattò -  Robe &  Cucina,45.46976968161728,9.21477499592333,Italian Restaurant
373,Indipendenza,45.468429,9.213322999999999,Piazza Risorgimento,45.46781159470899,9.210782268883937,Plaza
374,Indipendenza,45.468429,9.213322999999999,Sissi Pasticceria,45.467982987668925,9.209825903995394,Dessert Shop
375,Indipendenza,45.468429,9.213322999999999,1930,45.46605180555985,9.210743901395448,Speakeasy
376,Indipendenza,45.468429,9.213322999999999,Il Massimo del Gelato,45.468218433559656,9.210975626950338,Ice Cream Shop
377,Indipendenza,45.468429,9.213322999999999,CROSTA,45.470739,9.208922,Pizza Place
378,Indipendenza,45.468429,9.213322999999999,Marotin,45.46557266527908,9.213325753228418,Café
379,Indipendenza,45.468429,9.213322999999999,Gong Oriental Attitude,45.46781797832792,9.208464393243972,Asian Restaurant
380,Indipendenza,45.468429,9.213322999999999,13 Giugno,45.469226569189566,9.2157881377305,Restaurant
381,Indipendenza,45.468429,9.213322999999999,Gelateria Concordia,45.46806706867596,9.210220283651863,Ice Cream Shop
382,Indipendenza,45.468429,9.213322999999999,Chateau Monfort,45.46815840761462,9.207319175125168,Hotel
383,Indipendenza,45.468429,9.213322999999999,Filippo La Mantia - Oste e cuoco,45.46824159332983,9.21077338616968,Restaurant
384,Indipendenza,45.468429,9.213322999999999,Lile in Cucina,45.46707304892427,9.208695359841318,Italian Restaurant
385,Indipendenza,45.468429,9.213322999999999,La Gelateria della Musica,45.472021040863694,9.21432375848437,Ice Cream Shop
386,Indipendenza,45.468429,9.213322999999999,Teatro Menotti,45.46995225361736,9.212605180789403,Theater
387,Indipendenza,45.468429,9.213322999999999,Ristorante Da Giacomo,45.46547770800803,9.208602234886024,Italian Restaurant
388,Indipendenza,45.468429,9.213322999999999,Giolina,45.470589407946626,9.207910895347595,Pizza Place
389,Indipendenza,45.468429,9.213322999999999,Da Giannino - L'Angolo d'Abruzzo,45.47271777216719,9.213141203589617,Diner
390,Indipendenza,45.468429,9.213322999999999,Libreria Centofiori,45.468363203460044,9.217036670253131,Bookstore
391,Indipendenza,45.468429,9.213322999999999,Total Studio,45.46622062262674,9.212695094691568,Gym
392,Indipendenza,45.468429,9.213322999999999,La Maniera di Carlo,45.466788951910004,9.210230976910717,Italian Restaurant
393,Indipendenza,45.468429,9.213322999999999,Nottingham Forest,45.46876994187757,9.206968238475806,Cocktail Bar
394,Indipendenza,45.468429,9.213322999999999,Townhouse 31,45.46946292913371,9.214092445251623,Hotel
395,Indipendenza,45.468429,9.213322999999999,Saigon,45.465342,9.212671,Vietnamese Restaurant
396,Indipendenza,45.468429,9.213322999999999,California Bakery,45.466952,9.207432,American Restaurant
397,Indipendenza,45.468429,9.213322999999999,La Belle Aurore,45.471961414323275,9.214629691780269,Italian Restaurant
398,Indipendenza,45.468429,9.213322999999999,Crispi,45.46689351224261,9.214705027111266,Campanian Restaurant
399,Indipendenza,45.468429,9.213322999999999,Il Giardino dei Segreti,45.466205855875906,9.210211716379709,Italian Restaurant
400,Indipendenza,45.468429,9.213322999999999,Mercatino dell'usato Penelope,45.46643581231169,9.208866318612367,Flea Market
401,Indipendenza,45.468429,9.213322999999999,Ross' & Bianch',45.46572838902585,9.209501715815321,Wine Bar
402,Indipendenza,45.468429,9.213322999999999,Gran Café Victory,45.46826883690167,9.214762384905898,Café
403,Indipendenza,45.468429,9.213322999999999,Burbee - artisanal burger & beer,45.46944049444807,9.214730960871641,Burger Joint
404,Indipendenza,45.468429,9.213322999999999,Osteria Della Concordia,45.46759937815612,9.208764619282174,Italian Restaurant
405,Indipendenza,45.468429,9.213322999999999,Dinette,45.466121249392096,9.214691539414135,Trattoria/Osteria
406,Indipendenza,45.468429,9.213322999999999,Pasticceria Lorini,45.47089599890234,9.213651724210575,Dessert Shop
407,Indipendenza,45.468429,9.213322999999999,Pappappero,45.46552116534929,9.216451321529672,Piadineria
408,Indipendenza,45.468429,9.213322999999999,Little Italy,45.4659924379658,9.21651186918561,Pizza Place
409,Indipendenza,45.468429,9.213322999999999,Caffè del Borgo,45.46892917725395,9.211200919528213,Café
410,Indipendenza,45.468429,9.213322999999999,Maison Leone,45.46839002923303,9.214724586363868,Coffee Shop
411,Indipendenza,45.468429,9.213322999999999,Bbq,45.46554,9.20851,BBQ Joint
412,Indipendenza,45.468429,9.213322999999999,Nonna Maria Osteria,45.46641,9.2149,Italian Restaurant
413,Indipendenza,45.468429,9.213322999999999,omega3,45.466614,9.208514,Seafood Restaurant
414,Indipendenza,45.468429,9.213322999999999,Ristorante al Grigliaro,45.465199332392146,9.21117192586566,Italian Restaurant
415,Indipendenza,45.468429,9.213322999999999,Amo Pizza,45.470841001586464,9.216439136374278,Pizza Place
416,Indipendenza,45.468429,9.213322999999999,Dim Sum,45.47242,9.21107,Dim Sum Restaurant
417,Indipendenza,45.468429,9.213322999999999,Bibendum Baladin,45.47145390676815,9.21470966112117,Brewery
418,Indipendenza,45.468429,9.213322999999999,Shimokita,45.464635,9.210353,Japanese Restaurant
419,Indipendenza,45.468429,9.213322999999999,Rubacuori,45.468107429419405,9.207297144267015,Italian Restaurant
420,Genova,45.452878999999996,9.169715,Naviglio Grande,45.451339654781044,9.171430150138445,Canal
421,Genova,45.452878999999996,9.169715,Superstudio13,45.45193670518244,9.167664689348928,Art Gallery
422,Genova,45.452878999999996,9.169715,Ripa di Porta Ticinese,45.451023,9.1713,Scenic Lookout
423,Genova,45.452878999999996,9.169715,Hotel Magna Pars Suite,45.45267172003203,9.167073733070904,Hotel
424,Genova,45.452878999999996,9.169715,Osteria del Binari,45.45375976604901,9.168965220451355,Italian Restaurant
425,Genova,45.452878999999996,9.169715,Basara Sushi Pasticceria,45.453967475987646,9.169266335680625,Sushi Restaurant
426,Genova,45.452878999999996,9.169715,SuperGulp!,45.451101446422044,9.171132577059856,Comic Shop
427,Genova,45.452878999999996,9.169715,Rita,45.45045049315358,9.1697500660405,Cocktail Bar
428,Genova,45.452878999999996,9.169715,Il Montalcino,45.450571659229325,9.168502280191618,Tuscan Restaurant
429,Genova,45.452878999999996,9.169715,FUD Bottega Sicula,45.45133489763011,9.170924960759502,Burger Joint
430,Genova,45.452878999999996,9.169715,La Prosciutteria,45.451227146114,9.17229376133004,Deli / Bodega
431,Genova,45.452878999999996,9.169715,Pinch - Spirits & Kitchen,45.45088891095015,9.170635159636642,Cocktail Bar
432,Genova,45.452878999999996,9.169715,Wizard,45.4505659880248,9.169196724933116,Pub
433,Genova,45.452878999999996,9.169715,Langosteria 10,45.45573405668629,9.168476116809622,Seafood Restaurant
434,Genova,45.452878999999996,9.169715,El Barbapedana,45.45465457508078,9.17177010197008,Italian Restaurant
435,Genova,45.452878999999996,9.169715,Langosteria 10 Bistrot & Bottega,45.45555596620356,9.17168856932694,Seafood Restaurant
436,Genova,45.452878999999996,9.169715,Ugo,45.45178,9.173645,Cocktail Bar
437,Genova,45.452878999999996,9.169715,Mag Cafè,45.451301,9.173428,Cocktail Bar
438,Genova,45.452878999999996,9.169715,Prima Food and Bar,45.451132,9.171222,Cocktail Bar
439,Genova,45.452878999999996,9.169715,121 Libreria ExTemporanea,45.45515915102439,9.167393939704874,Bookstore
440,Genova,45.452878999999996,9.169715,Antonioli,45.450769061879285,9.171598597362898,Boutique
441,Genova,45.452878999999996,9.169715,The Brisket,45.45072423531981,9.170045226612746,Southern / Soul Food Restaurant
442,Genova,45.452878999999996,9.169715,Burgez,45.455304404984844,9.16778928837137,Burger Joint
443,Genova,45.452878999999996,9.169715,Da Luigi,45.45514415496155,9.167315146525459,Italian Restaurant
444,Genova,45.452878999999996,9.169715,O.ma.ca.sè Sushiteca,45.45532,9.17274,Japanese Restaurant
445,Genova,45.452878999999996,9.169715,Taglio,45.453117,9.173701,Café
446,Genova,45.452878999999996,9.169715,Osteria del Gnocco Fritto,45.45076220479803,9.171536212600403,Italian Restaurant
447,Genova,45.452878999999996,9.169715,Ofelé - Caffè e coccole,45.45619976546981,9.170136073818455,Breakfast Spot
448,Genova,45.452878999999996,9.169715,Temakinho Navigli,45.45153137913963,9.173735442330656,Japanese Restaurant
449,Genova,45.452878999999996,9.169715,Iter,45.45113340928732,9.1743248309694,Bar
450,Genova,45.452878999999996,9.169715,Granseola (La),45.453284279765995,9.167257630900341,Seafood Restaurant
451,Genova,45.452878999999996,9.169715,Bistrot Belle Donne,45.45296098673494,9.166222912858528,Bistro
452,Genova,45.452878999999996,9.169715,Armani Silos,45.45158026906381,9.164782630052269,Art Gallery
453,Genova,45.452878999999996,9.169715,Maido,45.45535296363473,9.167974497527807,Noodle House
454,Genova,45.452878999999996,9.169715,Felix,45.45154502033152,9.17407418368366,Bar
455,Genova,45.452878999999996,9.169715,I Pesciolini,45.45167797827405,9.174605189595685,Seafood Restaurant
456,Genova,45.452878999999996,9.169715,Mercure Milano Solari,45.45652807487754,9.168521434358581,Hotel
457,Genova,45.452878999999996,9.169715,Barart,45.454858,9.169395,Bistro
458,Genova,45.452878999999996,9.169715,Morna,45.45268156532502,9.166312506109055,Cocktail Bar
459,Genova,45.452878999999996,9.169715,Le Striatelle di Nonna Mafalda,45.452915675327496,9.17440751678982,Sandwich Place
460,Genova,45.452878999999996,9.169715,Gino12,45.45220924069625,9.175214135296178,Cocktail Bar
461,Genova,45.452878999999996,9.169715,Sugar,45.44997878316543,9.167426129126802,Bar
462,Genova,45.452878999999996,9.169715,via Tortona Design Week,45.4530277863669,9.165454953349144,Public Art
463,Genova,45.452878999999996,9.169715,Vicolo dei Lavandai,45.45189183537481,9.174699176811801,Historic Site
464,Genova,45.452878999999996,9.169715,Soho Restaurant,45.45417410625622,9.168484745391742,Italian Restaurant
465,Genova,45.452878999999996,9.169715,Da noi IN,45.45264098445602,9.166956370037234,Italian Restaurant
466,Genova,45.452878999999996,9.169715,Al Porto,45.4554820504472,9.17333325938568,Seafood Restaurant
467,Genova,45.452878999999996,9.169715,Ristorante Acero,45.45697799632516,9.171796895864478,Japanese Restaurant
468,Genova,45.452878999999996,9.169715,Armani / Teatro,45.451907188104045,9.165435500670618,Performing Arts Venue
469,Genova,45.452878999999996,9.169715,Cocciuto,45.45398,9.16361,Pizza Place
470,Genova,45.452878999999996,9.169715,Les Gitanes Bistrot,45.45324943068764,9.167510450063704,Cocktail Bar
471,Genova,45.452878999999996,9.169715,PaninoLAB,45.455820774474205,9.166305418906813,Sandwich Place
472,Genova,45.452878999999996,9.169715,God Save the Food,45.45264152082733,9.16558773713141,Italian Restaurant
473,Genova,45.452878999999996,9.169715,OCA - Officine Creative Ansaldo,45.452269668196685,9.163734166070297,Performing Arts Venue
474,Genova,45.452878999999996,9.169715,Latteria Trattoria,45.45306108720184,9.166643173542205,Italian Restaurant
475,Genova,45.452878999999996,9.169715,SOFA GARDEN,45.44989749662796,9.167717763635272,Bar
476,Genova,45.452878999999996,9.169715,Ecliss,45.45005513804147,9.16899579830396,Furniture / Home Store
477,Genova,45.452878999999996,9.169715,Cinema Orfeo,45.45702005902444,9.169687587612406,Multiplex
478,Genova,45.452878999999996,9.169715,Solopizzacafè,45.456033100942555,9.165228070897637,Pizza Place
479,Genova,45.452878999999996,9.169715,Amici del Liberty,45.45510337977068,9.166984459019714,Seafood Restaurant
480,Genova,45.452878999999996,9.169715,Trattoria Aurora,45.45482453835171,9.166918773055588,Piedmontese Restaurant
481,Genova,45.452878999999996,9.169715,Teatro Libero,45.45593023853582,9.16850086670392,Comedy Club
482,Genova,45.452878999999996,9.169715,Gino Sorbillo - Olio a crudo,45.4551083721711,9.166772792035717,Pizza Place
483,Genova,45.452878999999996,9.169715,100 Montaditos,45.45382296425998,9.163721671827457,Sandwich Place
484,Genova,45.452878999999996,9.169715,Design Cafe' Gourmet,45.455436206536085,9.168307524060685,Italian Restaurant
485,Genova,45.452878999999996,9.169715,Murphy's Law,45.455094966054624,9.166716496820602,Pub
486,Genova,45.452878999999996,9.169715,Filly Bar,45.456315809991324,9.165912708670357,Coffee Shop
487,Genova,45.452878999999996,9.169715,Curò Cucina Siciliana,45.449821242123285,9.167707927955341,Mediterranean Restaurant
488,Genova,45.452878999999996,9.169715,Combines xl,45.455738139063,9.166329298990473,Design Studio
489,Genova,45.452878999999996,9.169715,Anema e Cozze,45.4569576034746,9.168746307307158,Italian Restaurant
490,Genova,45.452878999999996,9.169715,Castelli Gourmet,45.45471190535617,9.166984039733311,Café
491,Genova,45.452878999999996,9.169715,Superstudio Cafè,45.45208074777026,9.16769851227163,Café
492,Genova,45.452878999999996,9.169715,Pizzeria Tortona,45.452461367960346,9.16496820654073,Pizza Place
493,Genova,45.452878999999996,9.169715,Boccino,45.452810042430755,9.16639801585578,Italian Restaurant
494,Genova,45.452878999999996,9.169715,Millino,45.455509452580515,9.168484879139415,Cocktail Bar
495,Genova,45.452878999999996,9.169715,Pizza OK 5,45.4570688225434,9.168778598224304,Pizza Place
496,Genova,45.452878999999996,9.169715,20 Hours & Best Price,45.4521953324904,9.167392403449607,Gym
497,Genova,45.452878999999996,9.169715,Mai Dire Bar,45.455520967320254,9.16846430467644,Pub
498,Genova,45.452878999999996,9.169715,Fiera di Sinigallia,45.45036303061398,9.167203144756852,Flea Market
499,Genova,45.452878999999996,9.169715,Saba&tu,45.45259318024087,9.165352204933349,Italian Restaurant
500,Genova,45.452878999999996,9.169715,Papagayo Cafè,45.455116217017824,9.167068326171822,Bar
501,Genova,45.452878999999996,9.169715,Picard,45.45703651153551,9.168606167831694,Supermarket
502,Genova,45.452878999999996,9.169715,Pizzeria Naturale,45.45002365355355,9.168058487381339,Pizza Place
503,Genova,45.452878999999996,9.169715,Osteria il Giardinetto,45.45301,9.16666,Trattoria/Osteria
504,Genova,45.452878999999996,9.169715,Fermata ATM Viale Coni Zugna / Via Solari [14],45.457139015487954,9.168934250380463,Tram Station
505,Genova,45.452878999999996,9.169715,Euronics,45.45652629974212,9.167948400405983,Electronics Store
506,Genova,45.452878999999996,9.169715,Cose Nostre,45.453903201332,9.163721786250342,French Restaurant
507,Genova,45.452878999999996,9.169715,Parco di via Argelati,45.44880150760313,9.170589839677234,Garden
508,Genova,45.452878999999996,9.169715,Mood Lounge Bar,45.45711647511116,9.168553033422123,Café
509,Centro,45.4668,9.1905,Galleria Vittorio Emanuele II,45.465577052231204,9.190024123332845,Monument / Landmark
510,Centro,45.4668,9.1905,Room Mate Giulia Hotel,45.46525036521511,9.189395639109797,Hotel
511,Centro,45.4668,9.1905,Gallerie d'Italia,45.4671829380214,9.190056464004908,Art Gallery
512,Centro,45.4668,9.1905,Teatro alla Scala,45.46702682287549,9.189686087489497,Opera House
513,Centro,45.4668,9.1905,Pasticceria Marchesi,45.46561245831536,9.190091221105353,Pastry Shop
514,Centro,45.4668,9.1905,Luini,45.465707270425064,9.191430566038733,Bakery
515,Centro,45.4668,9.1905,Park Hyatt Milan,45.465532315835496,9.18891108598589,Hotel
516,Centro,45.4668,9.1905,Louis Vuitton,45.4652236148038,9.191796355819633,Boutique
517,Centro,45.4668,9.1905,Piazza della Scala,45.46689455747373,9.189881333606394,Plaza
518,Centro,45.4668,9.1905,Prada,45.46560000038927,9.189967765808522,Boutique
519,Centro,45.4668,9.1905,Cioccolatitaliani,45.46572455316745,9.191306630311322,Ice Cream Shop
520,Centro,45.4668,9.1905,Statua a Leonardo da Vinci,45.46697031140531,9.190009832382202,Monument / Landmark
521,Centro,45.4668,9.1905,Grom,45.466343,9.188831,Ice Cream Shop
522,Centro,45.4668,9.1905,Lavazza Coffee Design,45.46627391020354,9.190975102861223,Coffee Shop
523,Centro,45.4668,9.1905,Spontini,45.46565531586118,9.191221560596434,Pizza Place
524,Centro,45.4668,9.1905,Lepri Lifestyle,45.46725,9.19218,Salon / Barbershop
525,Centro,45.4668,9.1905,Galleria Ristorante Pizzeria,45.465880666740375,9.190024718474266,Italian Restaurant
526,Centro,45.4668,9.1905,G. B. Bar,45.4660956216435,9.19217727792069,Bar
527,Centro,45.4668,9.1905,Rinascente,45.46480545101942,9.191739826079537,Department Store
528,Centro,45.4668,9.1905,Terrazza Aperol,45.46479648457957,9.190385341644287,Cocktail Bar
529,Centro,45.4668,9.1905,Il Mercato del Duomo,45.46489569186791,9.190139667590595,Gourmet Shop
530,Centro,45.4668,9.1905,Piazza del Duomo,45.46419037150217,9.189527034759521,Plaza
531,Centro,45.4668,9.1905,Apple Piazza Liberty,45.4653581,9.1937391,Electronics Store
532,Centro,45.4668,9.1905,Panini Durini,45.465238392719286,9.18859009871778,Sandwich Place
533,Centro,45.4668,9.1905,Terrazze del Duomo,45.46420695931899,9.191074802686652,Scenic Lookout
534,Centro,45.4668,9.1905,Ferrari Store,45.4656245002883,9.191112140388116,Clothing Store
535,Centro,45.4668,9.1905,Bialetti Store,45.464774773964464,9.188342958903007,Kitchen Supply Store
536,Centro,45.4668,9.1905,Piazza del Liberty,45.465533266986206,9.193699808538195,Plaza
537,Centro,45.4668,9.1905,La Feltrinelli,45.46548916368322,9.190003169100496,Bookstore
538,Centro,45.4668,9.1905,Mandarin Oriental,45.46946072245307,9.190876185894012,Hotel
539,Centro,45.4668,9.1905,Milano Libri,45.467566952173534,9.189672324830413,Bookstore
540,Centro,45.4668,9.1905,Museo Poldi Pezzoli,45.468630306974084,9.191608683071575,Art Museum
541,Centro,45.4668,9.1905,Obicà,45.464897469973565,9.191890932818637,Italian Restaurant
542,Centro,45.4668,9.1905,Signorvino,45.464551556991815,9.192885160446167,Wine Bar
543,Centro,45.4668,9.1905,Spazio Milano,45.464788067882296,9.190085856917742,Italian Restaurant
544,Centro,45.4668,9.1905,Monumento A Vittorio Emanuele II,45.46418983941476,9.189458296319712,Monument / Landmark
545,Centro,45.4668,9.1905,Nespresso,45.46542802657201,9.193850049775302,Coffee Shop
546,Centro,45.4668,9.1905,Venchi,45.465214105174994,9.18733958397139,Ice Cream Shop
547,Centro,45.4668,9.1905,Palazzo della Ragione,45.46479171398974,9.187784884960879,Monument / Landmark
548,Centro,45.4668,9.1905,Voce Aimo e Nadia,45.46732,9.19025,Restaurant
549,Centro,45.4668,9.1905,Piazza dei Mercanti,45.46496331042556,9.187822941211417,Plaza
550,Centro,45.4668,9.1905,Camparino,45.46485102244636,9.190035648494339,Cocktail Bar
551,Centro,45.4668,9.1905,Cracco Cafè,45.46532005977329,9.190060082650994,Café
552,Centro,45.4668,9.1905,Bulgari Lounge Bar,45.47001387856031,9.188943119680063,Cocktail Bar
553,Centro,45.4668,9.1905,BVLGARI Hotel Milano,45.4701485,9.1893176,Hotel
554,Centro,45.4668,9.1905,Dior,45.46853530274835,9.194928959609124,Boutique
555,Centro,45.4668,9.1905,Philipp Plein Showroom,45.4683405160345,9.194489461082725,Boutique
556,Centro,45.4668,9.1905,Piazza Meda,45.46678061112194,9.192944557648786,Plaza
557,Centro,45.4668,9.1905,Starbucks Reserve Roastery,45.46492026479228,9.186152815818787,Coffee Shop
558,Centro,45.4668,9.1905,Ermenegildo Zegna Boutique,45.46981851074456,9.192988906745768,Boutique
559,Centro,45.4668,9.1905,Pasticceria Marchesi,45.46829889822176,9.195017669261254,Dessert Shop
560,Centro,45.4668,9.1905,Vanilla Gelati Italiani,45.46461961658057,9.193474033610299,Ice Cream Shop
561,Centro,45.4668,9.1905,Terrazza Duomo 21,45.46480592131439,9.189664295388004,Lounge
562,Centro,45.4668,9.1905,Alexander McQueen,45.46785441191769,9.195018104910787,Boutique
563,Centro,45.4668,9.1905,Gucci,45.467778609011255,9.195580780506134,Boutique
564,Centro,45.4668,9.1905,Corsia del Giardino,45.46927,9.19204,Italian Restaurant
565,Centro,45.4668,9.1905,Valentino,45.46952460239186,9.193903784498616,Men's Store
566,Centro,45.4668,9.1905,Museo del Novecento - Arengario,45.463413,9.190245,Art Museum
567,Centro,45.4668,9.1905,Corso Vittorio Emanuele II,45.46524981209162,9.194876432581149,Pedestrian Plaza
568,Centro,45.4668,9.1905,Cartier,45.468893126464266,9.194733202457428,Jewelry Store
569,Centro,45.4668,9.1905,Celine,45.469364,9.193773999999962,Boutique
570,Centro,45.4668,9.1905,Via Monte Napoleone,45.468172,9.19531,Road
571,Centro,45.4668,9.1905,Fresco & Cimmino,45.465255409456596,9.190771558556593,Pizza Place
572,Centro,45.4668,9.1905,Palazzo Reale,45.46295958166468,9.191347534052955,Art Gallery
573,Centro,45.4668,9.1905,Rigadritto,45.46972086658772,9.188007541728195,Gift Shop
574,Centro,45.4668,9.1905,Rinascente Food Market,45.464846428758655,9.191795655397502,Gourmet Shop
575,Centro,45.4668,9.1905,Spazio Gessi,45.469241498698274,9.192167509933386,Arts & Crafts Store
576,Centro,45.4668,9.1905,Langosteria Café,45.46475951105088,9.194898655099053,Bistro
577,Centro,45.4668,9.1905,Cova,45.468169858858836,9.195347117740523,Dessert Shop
578,Centro,45.4668,9.1905,Panini Durini,45.46429863396759,9.187459791564313,Sandwich Place
579,Centro,45.4668,9.1905,Armani Hotel Milano,45.470477770677554,9.19288207197069,Hotel
580,Centro,45.4668,9.1905,Kenzo,45.469763,9.192539,Boutique
581,Centro,45.4668,9.1905,Prada Uomo,45.4675610474546,9.196047428732124,Men's Store
582,Centro,45.4668,9.1905,Starhotels Rosa Grand,45.46412228369606,9.193691680438421,Hotel
583,Centro,45.4668,9.1905,HMS Hotel Milano Scala,45.469061352883344,9.186865387074421,Hotel
584,Centro,45.4668,9.1905,Il Giardino,45.46998939328927,9.188872155912291,Lounge
585,Centro,45.4668,9.1905,Ciacco. Gelato senz'altro,45.463704,9.186796,Ice Cream Shop
586,Centro,45.4668,9.1905,Jimmy Choo,45.46826436090419,9.195359010458965,Shoe Store
587,Centro,45.4668,9.1905,Burberry,45.468494524414965,9.19510793639347,Boutique
588,Centro,45.4668,9.1905,Bvlgari Ristorante,45.47000473202867,9.188943329193505,Restaurant
589,Centro,45.4668,9.1905,Frankly,45.46437803420515,9.187358998868953,Bubble Tea Shop
590,Centro,45.4668,9.1905,Hotel Spadari al Duomo,45.46373751448956,9.187130140137302,Hotel
591,Centro,45.4668,9.1905,Armani Bamboo Bar,45.470482735737555,9.192785310399648,Cocktail Bar
592,Centro,45.4668,9.1905,Dsquared2,45.46747123828002,9.194261748143978,Boutique
593,Centro,45.4668,9.1905,Acqua di Parma,45.46910316117824,9.194479797100936,Perfume Shop
594,Centro,45.4668,9.1905,Sephora Maxi Store,45.4654351,9.1958777,Cosmetics Shop
595,Centro,45.4668,9.1905,Prada Donna,45.46799268860675,9.195522022071145,Women's Store
596,Centro,45.4668,9.1905,Piazza Cordusio,45.46550849945183,9.186149812596456,Plaza
597,Centro,45.4668,9.1905,Armani,45.47044262668219,9.192732336474837,Boutique
598,Centro,45.4668,9.1905,Louis Vuitton,45.467175725829215,9.196642935276031,Boutique
599,Centro,45.4668,9.1905,Museo Bagatti Valsecchi,45.46959816665104,9.19479714122411,Art Museum
600,Centro,45.4668,9.1905,Emporio Armani Caffè,45.470403366511526,9.192369082311343,Café
601,Centro,45.4668,9.1905,Borgonuovo Eventi,45.47028882863446,9.191876649856567,Event Space
602,Centro,45.4668,9.1905,Four Seasons Hotel Milano,45.46937155285305,9.195465506036397,Hotel
603,Centro,45.4668,9.1905,wagamama,45.46675105565475,9.19539483331511,Asian Restaurant
604,Centro,45.4668,9.1905,Bice,45.47015162771649,9.194139731497588,Italian Restaurant
605,Centro,45.4668,9.1905,Il Salumaio di Montenapoleone,45.46988,9.1946,Italian Restaurant
606,Centro,45.4668,9.1905,Non è Peccato,45.46914588111431,9.187462973124525,Italian Restaurant
607,Centro,45.4668,9.1905,Ladurée,45.463586,9.1872394,Dessert Shop
608,Centro,45.4668,9.1905,Armani Libri,45.470212906944305,9.19258490766497,Bookstore
609,Ticinese,45.45059595,9.181950867801676,Fonderie Milanesi,45.450451,9.184667,Cocktail Bar
610,Ticinese,45.45059595,9.181950867801676,M.A.C.,45.44925685595044,9.183019153663677,Music Venue
611,Ticinese,45.45059595,9.181950867801676,Porta Ticinese (Pusterla),45.45272009890501,9.17987629984272,Monument / Landmark
612,Ticinese,45.45059595,9.181950867801676,Milan Pole Dance Studio,45.45204834329573,9.182246173963751,Gym / Fitness Center
613,Ticinese,45.45059595,9.181950867801676,Officine cocktail bar,45.44990691233934,9.184522558435186,Lounge
614,Ticinese,45.45059595,9.181950867801676,Pescheria Il Kiosko,45.45222,9.17917,Snack Place
615,Ticinese,45.45059595,9.181950867801676,La Romana,45.452239559855244,9.181261539191121,Ice Cream Shop
616,Ticinese,45.45059595,9.181950867801676,Piazza XXIV Maggio,45.452374938455435,9.179238217325207,Plaza
617,Ticinese,45.45059595,9.181950867801676,RivaReno,45.452127687760175,9.183132605148241,Ice Cream Shop
618,Ticinese,45.45059595,9.181950867801676,Hotel La Vignetta,45.45174664601051,9.181942772218822,Hotel
619,Ticinese,45.45059595,9.181950867801676,El Porteño,45.45267108732772,9.184384917906723,Argentinian Restaurant
620,Ticinese,45.45059595,9.181950867801676,Piazza Sant'Eustorgio,45.45357723485343,9.180550508242556,Plaza
621,Ticinese,45.45059595,9.181950867801676,Cantina Scoffone,45.45153550768396,9.18203419009955,Italian Restaurant
622,Ticinese,45.45059595,9.181950867801676,Ai Balestrari,45.45025505364478,9.177567237623522,Roman Restaurant
623,Ticinese,45.45059595,9.181950867801676,Wang Jiao,45.4520051036396,9.184409194335597,Chinese Restaurant
624,Ticinese,45.45059595,9.181950867801676,Basilica di Sant'Eustorgio,45.45363744861948,9.180580923547858,Church
625,Ticinese,45.45059595,9.181950867801676,The Yard Hotel,45.453341264925996,9.179174916891624,Hotel
626,Ticinese,45.45059595,9.181950867801676,Mi-Ramen Bistrò,45.45195798362923,9.185401996490079,Ramen Restaurant
627,Ticinese,45.45059595,9.181950867801676,La Boutique del Panino e Della Birra,45.45188403506324,9.18610759405766,Food Truck
628,Ticinese,45.45059595,9.181950867801676,Cacio e Pepe,45.45278,9.1815,Italian Restaurant
629,Ticinese,45.45059595,9.181950867801676,Serendeepity,45.4534342436686,9.180434401306602,Record Shop
630,Ticinese,45.45059595,9.181950867801676,California Bakery,45.45341670590205,9.180616904883417,Breakfast Spot
631,Ticinese,45.45059595,9.181950867801676,Gattullo,45.45196234326261,9.186005649925269,Dessert Shop
632,Ticinese,45.45059595,9.181950867801676,RAB,45.447765385263274,9.179660683830766,Dive Bar
633,Ticinese,45.45059595,9.181950867801676,Quei Due,45.45059196884179,9.182077318412908,Restaurant
634,Ticinese,45.45059595,9.181950867801676,The Doping Club,45.45334492918197,9.17918623094688,Cocktail Bar
635,Ticinese,45.45059595,9.181950867801676,Mudra Vegamore,45.453253230955085,9.179245936971073,Vegetarian / Vegan Restaurant
636,Ticinese,45.45059595,9.181950867801676,Bahama Mama,45.45263296833397,9.181934686730974,Spa
637,Ticinese,45.45059595,9.181950867801676,Caldozero,45.448916363657304,9.180410931072911,Ice Cream Shop
638,Ticinese,45.45059595,9.181950867801676,Naviglio Pavese,45.451111437552655,9.17765149880401,River
639,Ticinese,45.45059595,9.181950867801676,Al Coccio,45.452129051316966,9.177941067758384,Pub
640,Ticinese,45.45059595,9.181950867801676,Wok Store,45.45209936190914,9.183524408698137,Boutique
641,Ticinese,45.45059595,9.181950867801676,Mercato Comunale,45.45264010956896,9.179271144482763,Market
642,Ticinese,45.45059595,9.181950867801676,Mauro Leone,45.454650428232824,9.180535766094764,Shoe Store
643,Ticinese,45.45059595,9.181950867801676,Ostriche & Vino,45.45213869964607,9.183297243877114,Seafood Restaurant
644,Ticinese,45.45059595,9.181950867801676,Mister Gel,45.44780540473518,9.179583152199303,Ice Cream Shop
645,Ticinese,45.45059595,9.181950867801676,La Fontanella,45.45182995902736,9.17792396197312,Brewery
646,Ticinese,45.45059595,9.181950867801676,B&B Navigli Milano,45.44922058527999,9.180608200736781,Bed & Breakfast
647,Ticinese,45.45059595,9.181950867801676,Vaniglia e Zenzero,45.44639102021238,9.180104917714813,Café
648,Ticinese,45.45059595,9.181950867801676,Da Giulio Antica Pizzeria,45.448266952286225,9.179495081648305,Pizza Place
649,Ticinese,45.45059595,9.181950867801676,Sofa Cafe,45.45203287279338,9.176716804504393,Cocktail Bar
650,Ticinese,45.45059595,9.181950867801676,Greek Fusion,45.451916,9.176197,Greek Restaurant
651,Ticinese,45.45059595,9.181950867801676,Viva Lodovica,45.45188198547696,9.186328291095926,Salad Place
652,Ticinese,45.45059595,9.181950867801676,La Posteria,45.44906969273778,9.181739023098132,Italian Restaurant
653,Ticinese,45.45059595,9.181950867801676,Special Shop,45.45450618310409,9.180508239451603,Sporting Goods Shop
654,Ticinese,45.45059595,9.181950867801676,Vista Darsena,45.45311092816139,9.176741226904566,Cocktail Bar
655,Ticinese,45.45059595,9.181950867801676,Sushi all'Osteria Tsuru,45.44888,9.1779,Sushi Restaurant
656,Ticinese,45.45059595,9.181950867801676,Ginger Cocktail Lab,45.44964456736169,9.177544121201393,Cocktail Bar
657,Ticinese,45.45059595,9.181950867801676,Twist On Classic,45.45201526767574,9.176062476531008,Cocktail Bar
658,Ticinese,45.45059595,9.181950867801676,Sushi San,45.449920117746615,9.177599445454042,Japanese Restaurant
659,Ticinese,45.45059595,9.181950867801676,Gelateria Artigiana,45.45231696406733,9.177470952053909,Dessert Shop
660,Ticinese,45.45059595,9.181950867801676,the bridge cafe,45.44884214242981,9.177212291692637,Café
661,Ticinese,45.45059595,9.181950867801676,Rinomata Gelateria Artigiana Con Prodotti Di Pasticceria,45.45239978433546,9.177495864564877,Ice Cream Shop
662,Ticinese,45.45059595,9.181950867801676,Il negozietto del gelato,45.45182,9.177701,Ice Cream Shop
663,Ticinese,45.45059595,9.181950867801676,Frozen,45.45392360767424,9.180526200708906,Ice Cream Shop
664,Ticinese,45.45059595,9.181950867801676,Be Bop,45.452156770600034,9.182289855578365,Italian Restaurant
665,Ticinese,45.45059595,9.181950867801676,La Susina,45.44890622024293,9.177723224113654,Vegetarian / Vegan Restaurant
666,Ticinese,45.45059595,9.181950867801676,Il Monello,45.45300802760449,9.17872547592124,Wine Bar
667,Ticinese,45.45059595,9.181950867801676,Museo Diocesano,45.454826784051505,9.181329613941251,Art Museum
668,Ticinese,45.45059595,9.181950867801676,Roqus,45.451946780312475,9.187469664480632,Pizza Place
669,Ticinese,45.45059595,9.181950867801676,Mercatino Naviglio Grande,45.45202301404918,9.176150770131619,Flea Market
670,Ticinese,45.45059595,9.181950867801676,Gelacreperia,45.45216760610739,9.176704302514219,Ice Cream Shop
671,Ticinese,45.45059595,9.181950867801676,Venti136,45.45168932769317,9.187481727832038,Lounge
672,Ticinese,45.45059595,9.181950867801676,Panino Giusto,45.45293141227006,9.179687914303235,Sandwich Place
673,Ticinese,45.45059595,9.181950867801676,Copacabana,45.45216798908527,9.177301954299264,Sushi Restaurant
674,Ticinese,45.45059595,9.181950867801676,Yogorino,45.44746020888398,9.178590160872675,Ice Cream Shop
675,Ticinese,45.45059595,9.181950867801676,Haruka,45.446905418964214,9.179467566740685,Japanese Restaurant
676,Ticinese,45.45059595,9.181950867801676,Mercato di Via Tabacchi,45.447622262537394,9.183390140533447,Market
677,Ticinese,45.45059595,9.181950867801676,Trita,45.45297571872424,9.179259865877118,Burger Joint
678,Ticinese,45.45059595,9.181950867801676,Paninaro Maradona,45.44780399763054,9.183984674270706,Sandwich Place
679,Ticinese,45.45059595,9.181950867801676,Bonomi Bistro,45.44672098603124,9.179429042185031,Bistro
680,Ticinese,45.45059595,9.181950867801676,Trattoria La Madonnina,45.449063733103344,9.18097893816606,Italian Restaurant
681,Ticinese,45.45059595,9.181950867801676,Manhattan Navigli,45.45203703031115,9.176337559709722,Cocktail Bar
682,Ticinese,45.45059595,9.181950867801676,Blues Bikers,45.44694812643527,9.180495582067465,Bar
683,Ticinese,45.45059595,9.181950867801676,Acai Sisters,45.44836,9.18669,Restaurant
684,Ticinese,45.45059595,9.181950867801676,O'Vesuvio Caffè,45.44884,9.180058,Café
685,Ticinese,45.45059595,9.181950867801676,Stüssy Milano,45.45488152219559,9.180627465248108,Clothing Store
686,Ticinese,45.45059595,9.181950867801676,Coke,45.447497796274774,9.177503124114525,Pizza Place
687,Ticinese,45.45059595,9.181950867801676,Andrea's Bistrot,45.454263124603536,9.180146611297173,Wine Bar
688,Ticinese,45.45059595,9.181950867801676,Anadima,45.4474978166307,9.177663800615063,Italian Restaurant
689,Ticinese,45.45059595,9.181950867801676,Pepe,45.44773664477535,9.180109610103726,Italian Restaurant
690,Ticinese,45.45059595,9.181950867801676,Movida,45.448194903354924,9.177129156585123,Beer Garden
691,Ticinese,45.45059595,9.181950867801676,Bufalatte,45.447426889546776,9.178914809963388,Cheese Shop
692,Ticinese,45.45059595,9.181950867801676,Maya,45.44794472662864,9.177059634310424,Cocktail Bar
693,Ticinese,45.45059595,9.181950867801676,Kapuziner Platz Am Kanal,45.448990881227225,9.177378637722569,Brewery
694,Ticinese,45.45059595,9.181950867801676,Fermata ATM Castelbarco [15],45.44879280830511,9.18565230219981,Tram Station
695,Ticinese,45.45059595,9.181950867801676,Flapper's,45.446896291665134,9.179470762572777,Café
696,Ticinese,45.45059595,9.181950867801676,Torrefazione De Pedrina,45.44746142638676,9.179628756958493,Café
697,Ticinese,45.45059595,9.181950867801676,Saien,45.44653789048454,9.17939990100667,Japanese Restaurant
698,Ticinese,45.45059595,9.181950867801676,OVS,45.44906848655849,9.179829449846979,Clothing Store
699,Ticinese,45.45059595,9.181950867801676,Fermata ATM Corso San Gottardo / Via Lagrange [3] [71],45.44863169715521,9.179651852947854,Tram Station
700,Ticinese,45.45059595,9.181950867801676,Ristorante Da Teresa,45.44744777084517,9.178658203000934,Italian Restaurant
701,Ticinese,45.45059595,9.181950867801676,Parco Via Tabacchi,45.447162765009374,9.182942802875155,Park
702,Ticinese,45.45059595,9.181950867801676,Loop,45.44816803764542,9.18666656976575,Café
703,Ticinese,45.45059595,9.181950867801676,Prince Cafè,45.448767636815425,9.177261564215286,Cocktail Bar
704,Ticinese,45.45059595,9.181950867801676,Q.P. Chiùpizza,45.44749306766508,9.178138898530982,Pizza Place
